{
  "ndcg@1": 0.079,
  "recall@1": 0.079,
  "mrr@1": 0.079,
  "map@1": 0.079,
  "ndcg@3": 0.13552276866428695,
  "recall@3": 0.18,
  "mrr@3": 0.12033333333333336,
  "map@3": 0.12033333333333336,
  "ndcg@5": 0.17898329627812395,
  "recall@5": 0.286,
  "mrr@5": 0.1443333333333334,
  "map@5": 0.1443333333333334,
  "ndcg@10": 0.24534324906174232,
  "recall@10": 0.493,
  "mrr@10": 0.1713920634920634,
  "map@10": 0.1713920634920634,
  "ndcg@20": 0.3179631823639903,
  "recall@20": 0.779,
  "mrr@20": 0.19148205684923966,
  "map@20": 0.19148205684923966,
  "index_secs": 0.09243108402006328,
  "search_secs": 0.20209870801772922,
  "queries_per_sec": 4948.0771540225505
}