{
  "ndcg@1": 0.029,
  "recall@1": 0.029,
  "mrr@1": 0.029,
  "map@1": 0.029,
  "ndcg@3": 0.0539041735928579,
  "recall@3": 0.072,
  "mrr@3": 0.047666666666666684,
  "map@3": 0.047666666666666684,
  "ndcg@5": 0.08126193450493904,
  "recall@5": 0.14,
  "mrr@5": 0.062466666666666774,
  "map@5": 0.062466666666666774,
  "ndcg@10": 0.13291208840895943,
  "recall@10": 0.301,
  "mrr@10": 0.08354761904761906,
  "map@10": 0.08354761904761906,
  "ndcg@20": 0.20274644600771272,
  "recall@20": 0.58,
  "mrr@20": 0.10233994408584196,
  "map@20": 0.10233994408584196,
  "index_secs": 29.231141416996252,
  "search_secs": 7.41034912498435,
  "queries_per_sec": 134.9464084800609
}