{
  "ndcg@1": 0.064,
  "recall@1": 0.064,
  "mrr@1": 0.064,
  "map@1": 0.064,
  "ndcg@3": 0.13558159102500195,
  "recall@3": 0.187,
  "mrr@3": 0.11783333333333319,
  "map@3": 0.11783333333333319,
  "ndcg@5": 0.16579391474087168,
  "recall@5": 0.26,
  "mrr@5": 0.1346833333333332,
  "map@5": 0.1346833333333332,
  "ndcg@10": 0.23007486683338899,
  "recall@10": 0.459,
  "mrr@10": 0.16118412698412654,
  "map@10": 0.16118412698412654,
  "ndcg@20": 0.2959030714776394,
  "recall@20": 0.724,
  "mrr@20": 0.17864073668849204,
  "map@20": 0.17864073668849204,
  "index_secs": 0.6324660839745775,
  "search_secs": 6.304948166012764,
  "queries_per_sec": 158.60558622679335
}